label,Scientific Name,filename
1,Phyllostachys edulis (Carr.) Houz.	 ,  	1001-1059	
2,Aesculus chinensis	 , 1060-1122	
3,Berberis anhweiensis Ahrendt	 ,	1552-1616	
4,Cercis chinensis	 ,	1123-1194
5,Indigofera tinctoria L.	 ,1195-1267	
6,Acer Palmatum ,	1268-1323	
7,Phoebe nanmu (Oliv.) Gamble	,	1324-1385
8,Kalopanax septemlobus (Thunb. ex A.Murr.) Koidz.	 ,	1386-1437	
9,Cinnamomum japonicum Sieb.	,	1497-1551	
10,Koelreuteria paniculata Laxm.	,1438-1496	
11,Ilex macrocarpa Oliv.	,	2001-2050	
12,Pittosporum tobira (Thunb.) Ait. f.	,	2051-2113	
14,Chimonanthus praecox L.,2114-2165	
15,Cinnamomum camphora (L.) J. Presl,2166-2230	
16,Viburnum awabuki K.Koch,2231-2290	
17,Osmanthus fragrans Lour.,2291-2346	
18,Cedrus deodara (Roxb.) G. Don,2347-2423	
19,Ginkgo biloba L.,2424-2485	
20,Lagerstroemia indica (L.) Pers.,	2486-2546	
21,Nerium oleander L.,2547-2612	
22,Podocarpus macrophyllus (Thunb.) Sweet,2616-2675	
23,Prunus serrulata Lindl. var. lannesiana auct.,3001-3055	
24,Ligustrum lucidum Ait. f.,3056-3110	
25,Tonna sinensis M. Roem.,3111-3175	
26,Prunus persica (L.) Batsch,3176-3229	
27,Manglietia fordiana Oliv.,3230-3281	
28,Acer buergerianum Miq.,3282-3334	
29,Mahonia bealei (Fortune) Carr.,3335-3389	
30,Magnolia grandiflora L.,3390-3446	
31,Populus ×canadensis Moench,3447-3510	
32,Liriodendron chinense (Hemsl.) Sarg.,3511-3563
33,Citrus reticulata Blanco,3566-3621